Institution,attended_>50%,certified,participants,%_certified,%_attended_>50%
HarvardX,366161,107995,2101121,5.1398753332149845,17.42693543113414
MITx,373099,136710,2348736,5.820577536172648,15.885097345976728
